{"Accuracy": 0.6956521739130435, "_timestamp": 1698673008.7229812, "_runtime": 0.6072392463684082, "_step": 0, "_wandb": {"runtime": 0}}