{"Accuracy": 0.9852941176470589, "_timestamp": 1698674853.65423, "_runtime": 0.6354961395263672, "_step": 0, "_wandb": {"runtime": 0}}