{"Accuracy": 1.0, "_timestamp": 1698671347.568167, "_runtime": 0.6366100311279297, "_step": 0, "_wandb": {"runtime": 0}}