{"Accuracy": 0.9861111111111112, "_timestamp": 1698671501.520391, "_runtime": 0.6063530445098877, "_step": 0, "_wandb": {"runtime": 0}}