{"Accuracy": 0.6933333333333334, "_timestamp": 1698670559.821132, "_runtime": 0.5960679054260254, "_step": 0, "_wandb": {"runtime": 0}}