{"Accuracy": 0.975, "_timestamp": 1698673712.521985, "_runtime": 0.6361260414123535, "_step": 0, "_wandb": {"runtime": 0}}