{"Accuracy": 0.6857142857142857, "_timestamp": 1698672269.170414, "_runtime": 0.6332690715789795, "_step": 0, "_wandb": {"runtime": 0}}