{"Accuracy": 0.6933333333333334, "_timestamp": 1698670448.4581802, "_runtime": 0.6372470855712891, "_step": 0, "_wandb": {"runtime": 0}}