{"Accuracy": 1.0, "_timestamp": 1698671036.863382, "_runtime": 2.1284570693969727, "_step": 0, "_wandb": {"runtime": 0}}