{"Accuracy": 0.7021276595744681, "_timestamp": 1698673040.424897, "_runtime": 0.5963549613952637, "_step": 0, "_wandb": {"runtime": 0}}