{"Accuracy": 0.9859154929577465, "_timestamp": 1698674649.8741398, "_runtime": 0.6392838954925537, "_step": 0, "_wandb": {"runtime": 0}}