{"Accuracy": 0.6933333333333334, "_timestamp": 1698670384.895315, "_runtime": 0.7258439064025879, "_step": 0, "_wandb": {"runtime": 0}}