{"Accuracy": 0.9852941176470589, "_timestamp": 1698674212.167166, "_runtime": 0.6402530670166016, "_step": 0, "_wandb": {"runtime": 0}}