{"Accuracy": 0.6730769230769231, "_timestamp": 1698672120.9715111, "_runtime": 0.7225620746612549, "_step": 0, "_wandb": {"runtime": 0}}