{"Accuracy": 0.9787234042553191, "_timestamp": 1698671421.9756281, "_runtime": 0.6690800189971924, "_step": 0, "_wandb": {"runtime": 0}}