{"Accuracy": 0.984375, "_timestamp": 1698673798.91699, "_runtime": 0.6463561058044434, "_step": 0, "_wandb": {"runtime": 0}}