{"Accuracy": 0.9846153846153847, "_timestamp": 1698671050.958358, "_runtime": 0.6223959922790527, "_step": 0, "_wandb": {"runtime": 0}}