{"Accuracy": 0.696969696969697, "_timestamp": 1698672131.550526, "_runtime": 0.6654138565063477, "_step": 0, "_wandb": {"runtime": 0}}