{"Accuracy": 0.5882352941176471, "_timestamp": 1698672429.323015, "_runtime": 0.6342248916625977, "_step": 0, "_wandb": {"runtime": 0}}