{"Accuracy": 0.9836065573770492, "_timestamp": 1698671231.4411032, "_runtime": 1.1790122985839844, "_step": 0, "_wandb": {"runtime": 0}}