{"Accuracy": 0.9830508474576272, "_timestamp": 1698672987.112044, "_runtime": 0.618955135345459, "_step": 0, "_wandb": {"runtime": 0}}