{"Accuracy": 0.9827586206896551, "_timestamp": 1698672396.541713, "_runtime": 0.620121955871582, "_step": 0, "_wandb": {"runtime": 0}}