{"Accuracy": 0.6933333333333334, "_timestamp": 1698670458.767197, "_runtime": 0.6070289611816406, "_step": 0, "_wandb": {"runtime": 0}}