{"Accuracy": 0.9333333333333333, "_timestamp": 1698662870.742754, "_runtime": 0.6615328788757324, "_step": 0, "_wandb": {"runtime": 0}}