{"Accuracy": 0.9852941176470589, "_timestamp": 1698674808.046051, "_runtime": 0.6347811222076416, "_step": 0, "_wandb": {"runtime": 0}}