{"Accuracy": 0.9850746268656716, "_timestamp": 1698674048.012913, "_runtime": 0.6053590774536133, "_step": 0, "_wandb": {"runtime": 0}}