{"Accuracy": 0.9642857142857143, "_timestamp": 1698675003.452199, "_runtime": 0.6373839378356934, "_step": 0, "_wandb": {"runtime": 0}}