{"Accuracy": 0.9841269841269841, "_timestamp": 1698673820.6191869, "_runtime": 0.6388809680938721, "_step": 0, "_wandb": {"runtime": 0}}