{"Accuracy": 0.5625, "_timestamp": 1698673019.1211479, "_runtime": 0.6673448085784912, "_step": 0, "_wandb": {"runtime": 0}}