{"Accuracy": 0.9821428571428571, "_timestamp": 1698673874.588903, "_runtime": 0.6330389976501465, "_step": 0, "_wandb": {"runtime": 0}}