{"Accuracy": 0.9848484848484849, "_timestamp": 1698673993.849105, "_runtime": 0.6342489719390869, "_step": 0, "_wandb": {"runtime": 0}}