{"Accuracy": 0.9859154929577465, "_timestamp": 1698674616.644887, "_runtime": 0.7532150745391846, "_step": 0, "_wandb": {"runtime": 0}}