{"Accuracy": 1.0, "_timestamp": 1698672279.752855, "_runtime": 0.6282181739807129, "_step": 0, "_wandb": {"runtime": 0}}