{"Accuracy": 0.9821428571428571, "_timestamp": 1698671316.0178921, "_runtime": 0.7430732250213623, "_step": 0, "_wandb": {"runtime": 0}}