{"Accuracy": 1.0, "_timestamp": 1698672311.61568, "_runtime": 0.6315000057220459, "_step": 0, "_wandb": {"runtime": 0}}