{"Accuracy": 0.972972972972973, "_timestamp": 1698674604.9555452, "_runtime": 0.6336772441864014, "_step": 0, "_wandb": {"runtime": 0}}