{"Accuracy": 0.9833333333333333, "_timestamp": 1698673907.1707442, "_runtime": 0.6503472328186035, "_step": 0, "_wandb": {"runtime": 0}}