{"Accuracy": 0.9841269841269841, "_timestamp": 1698674311.631453, "_runtime": 0.6362190246582031, "_step": 0, "_wandb": {"runtime": 0}}