{"Accuracy": 0.9836065573770492, "_timestamp": 1698674401.619932, "_runtime": 0.6871728897094727, "_step": 0, "_wandb": {"runtime": 0}}