{"Accuracy": 1.0, "_timestamp": 1698675302.577045, "_runtime": 0.9809260368347168, "_step": 0, "_wandb": {"runtime": 0}}