{"Accuracy": 0.9850746268656716, "_timestamp": 1698673788.2357361, "_runtime": 0.6529672145843506, "_step": 0, "_wandb": {"runtime": 0}}