{"Accuracy": 1.0, "_timestamp": 1698672466.245915, "_runtime": 0.6503639221191406, "_step": 0, "_wandb": {"runtime": 0}}