{"Accuracy": 0.9722222222222222, "_timestamp": 1698671209.76162, "_runtime": 0.6313071250915527, "_step": 0, "_wandb": {"runtime": 0}}