{"Accuracy": 0.9629629629629629, "_timestamp": 1698672142.173725, "_runtime": 0.6819369792938232, "_step": 0, "_wandb": {"runtime": 0}}