{"Accuracy": 0.6933333333333334, "_timestamp": 1698670481.4469829, "_runtime": 1.6359789371490479, "_step": 0, "_wandb": {"runtime": 0}}