{"Accuracy": 0.9855072463768116, "_timestamp": 1698671358.207225, "_runtime": 0.7275400161743164, "_step": 0, "_wandb": {"runtime": 0}}