{"Accuracy": 1.0, "_timestamp": 1698671305.213654, "_runtime": 0.6374900341033936, "_step": 0, "_wandb": {"runtime": 0}}