{"Accuracy": 0.9857142857142858, "_timestamp": 1698673734.276139, "_runtime": 0.7506530284881592, "_step": 0, "_wandb": {"runtime": 0}}