{"Accuracy": 0.5555555555555556, "_timestamp": 1698672184.571955, "_runtime": 0.6535508632659912, "_step": 0, "_wandb": {"runtime": 0}}