{"Accuracy": 0.9850746268656716, "_timestamp": 1698674739.9186811, "_runtime": 0.6383581161499023, "_step": 0, "_wandb": {"runtime": 0}}