{"Accuracy": 0.9811320754716981, "_timestamp": 1698672865.766259, "_runtime": 0.8944029808044434, "_step": 0, "_wandb": {"runtime": 0}}