{"Accuracy": 0.972972972972973, "_timestamp": 1698672791.6116889, "_runtime": 0.866203784942627, "_step": 0, "_wandb": {"runtime": 0}}