{"Accuracy": 0.6862745098039216, "_timestamp": 1698672738.5119932, "_runtime": 0.662912130355835, "_step": 0, "_wandb": {"runtime": 0}}