{"Accuracy": 0.6933333333333334, "_timestamp": 1698670693.613834, "_runtime": 0.6453399658203125, "_step": 0, "_wandb": {"runtime": 0}}