{"Accuracy": 0.9848484848484849, "_timestamp": 1698674190.003437, "_runtime": 0.6460080146789551, "_step": 0, "_wandb": {"runtime": 0}}