{"Accuracy": 0.984375, "_timestamp": 1698674113.359731, "_runtime": 0.6389410495758057, "_step": 0, "_wandb": {"runtime": 0}}