{"Accuracy": 0.9846153846153847, "_timestamp": 1698674683.778975, "_runtime": 0.6498029232025146, "_step": 0, "_wandb": {"runtime": 0}}