{"Accuracy": 0.6666666666666666, "_timestamp": 1698672195.110802, "_runtime": 0.632004976272583, "_step": 0, "_wandb": {"runtime": 0}}