{"Accuracy": 0.6984126984126984, "_timestamp": 1698672844.2921422, "_runtime": 0.6841251850128174, "_step": 0, "_wandb": {"runtime": 0}}