{"Accuracy": 0.9841269841269841, "_timestamp": 1698674346.440964, "_runtime": 0.6854040622711182, "_step": 0, "_wandb": {"runtime": 0}}