{"Accuracy": 0.9743589743589743, "_timestamp": 1698673061.457184, "_runtime": 0.6002190113067627, "_step": 0, "_wandb": {"runtime": 0}}