{"Accuracy": 0.6933333333333334, "_timestamp": 1698672770.20313, "_runtime": 0.7283370494842529, "_step": 0, "_wandb": {"runtime": 0}}