{"Accuracy": 0.9726027397260274, "_timestamp": 1698675247.4304461, "_runtime": 0.6825051307678223, "_step": 0, "_wandb": {"runtime": 0}}