{"Accuracy": 0.6933333333333334, "_timestamp": 1698670309.610502, "_runtime": 0.6365170478820801, "_step": 0, "_wandb": {"runtime": 0}}