{"Accuracy": 1.0, "_timestamp": 1698670899.427351, "_runtime": 0.6215670108795166, "_step": 0, "_wandb": {"runtime": 0}}