{"Accuracy": 0.9861111111111112, "_timestamp": 1698672823.0912158, "_runtime": 0.6465208530426025, "_step": 0, "_wandb": {"runtime": 0}}