{"Accuracy": 0.9743589743589743, "_timestamp": 1698675202.633991, "_runtime": 0.6443870067596436, "_step": 0, "_wandb": {"runtime": 0}}