{"Accuracy": 1.0, "_timestamp": 1698675357.89095, "_runtime": 0.6402099132537842, "_step": 0, "_wandb": {"runtime": 0}}