{"Accuracy": 0.9795918367346939, "_timestamp": 1698672749.027296, "_runtime": 0.649852991104126, "_step": 0, "_wandb": {"runtime": 0}}