{"Accuracy": 0.9629629629629629, "_timestamp": 1698671241.4805062, "_runtime": 0.6258432865142822, "_step": 0, "_wandb": {"runtime": 0}}