{"Accuracy": 0.9705882352941176, "_timestamp": 1698670921.762959, "_runtime": 0.70859694480896, "_step": 0, "_wandb": {"runtime": 0}}