{"Accuracy": 0.6933333333333334, "_timestamp": 1698670682.2621498, "_runtime": 0.6412448883056641, "_step": 0, "_wandb": {"runtime": 0}}