{"Accuracy": 0.9850746268656716, "_timestamp": 1698673972.110819, "_runtime": 0.6365041732788086, "_step": 0, "_wandb": {"runtime": 0}}