{"Accuracy": 1.0, "_timestamp": 1698671554.6332579, "_runtime": 0.6596279144287109, "_step": 0, "_wandb": {"runtime": 0}}