{"Accuracy": 1.0, "_timestamp": 1698672593.4502442, "_runtime": 0.6428632736206055, "_step": 0, "_wandb": {"runtime": 0}}