{"Accuracy": 0.703125, "_timestamp": 1698672656.926971, "_runtime": 0.6732819080352783, "_step": 0, "_wandb": {"runtime": 0}}