{"Accuracy": 0.9836065573770492, "_timestamp": 1698674435.356212, "_runtime": 0.6324880123138428, "_step": 0, "_wandb": {"runtime": 0}}