{"Accuracy": 0.9791666666666666, "_timestamp": 1698675103.251557, "_runtime": 0.6706011295318604, "_step": 0, "_wandb": {"runtime": 0}}