{"Accuracy": 0.6933333333333334, "_timestamp": 1698670671.57763, "_runtime": 0.6202480792999268, "_step": 0, "_wandb": {"runtime": 0}}