{"Accuracy": 0.9833333333333333, "_timestamp": 1698674424.386465, "_runtime": 0.6494791507720947, "_step": 0, "_wandb": {"runtime": 0}}