{"Accuracy": 0.9827586206896551, "_timestamp": 1698673939.7969449, "_runtime": 0.7460639476776123, "_step": 0, "_wandb": {"runtime": 0}}