{"Accuracy": 0.9850746268656716, "_timestamp": 1698673679.1860402, "_runtime": 0.6964890956878662, "_step": 0, "_wandb": {"runtime": 0}}