{"Accuracy": 0.9861111111111112, "_timestamp": 1698674627.708222, "_runtime": 0.6485838890075684, "_step": 0, "_wandb": {"runtime": 0}}