{"Accuracy": 0.9846153846153847, "_timestamp": 1698673852.976005, "_runtime": 0.7325241565704346, "_step": 0, "_wandb": {"runtime": 0}}