{"Accuracy": 0.9848484848484849, "_timestamp": 1698674819.191951, "_runtime": 0.7168581485748291, "_step": 0, "_wandb": {"runtime": 0}}