{"Accuracy": 0.9838709677419355, "_timestamp": 1698674102.483358, "_runtime": 0.6332948207855225, "_step": 0, "_wandb": {"runtime": 0}}