{"Accuracy": 0.9714285714285714, "_timestamp": 1698671664.873337, "_runtime": 0.7130241394042969, "_step": 0, "_wandb": {"runtime": 0}}