{"Accuracy": 0.6933333333333334, "_timestamp": 1698670331.425161, "_runtime": 1.3470687866210938, "_step": 0, "_wandb": {"runtime": 0}}