{"Accuracy": 0.9864864864864865, "_timestamp": 1698674948.224421, "_runtime": 0.6365809440612793, "_step": 0, "_wandb": {"runtime": 0}}