{"Accuracy": 0.984375, "_timestamp": 1698674368.5400152, "_runtime": 0.7188112735748291, "_step": 0, "_wandb": {"runtime": 0}}