{"Accuracy": 0.9836065573770492, "_timestamp": 1698673842.450762, "_runtime": 0.5861039161682129, "_step": 0, "_wandb": {"runtime": 0}}