{"Accuracy": 0.9857142857142858, "_timestamp": 1698674728.730151, "_runtime": 0.6543328762054443, "_step": 0, "_wandb": {"runtime": 0}}