{"Accuracy": 1.0, "_timestamp": 1698671633.2279239, "_runtime": 0.6386909484863281, "_step": 0, "_wandb": {"runtime": 0}}