{"Accuracy": 0.9848484848484849, "_timestamp": 1698674135.338281, "_runtime": 0.6333339214324951, "_step": 0, "_wandb": {"runtime": 0}}