{"Accuracy": 0.9833333333333333, "_timestamp": 1698674256.350653, "_runtime": 0.7502410411834717, "_step": 0, "_wandb": {"runtime": 0}}