{"Accuracy": 0.7111111111111111, "_timestamp": 1698675125.7304902, "_runtime": 0.6386301517486572, "_step": 0, "_wandb": {"runtime": 0}}