{"Accuracy": 1.0, "_timestamp": 1698674504.009696, "_runtime": 0.7433760166168213, "_step": 0, "_wandb": {"runtime": 0}}