{"Accuracy": 0.6984126984126984, "_timestamp": 1698671654.331302, "_runtime": 0.6108279228210449, "_step": 0, "_wandb": {"runtime": 0}}