{"Accuracy": 0.6933333333333334, "_timestamp": 1698670639.968744, "_runtime": 0.6169350147247314, "_step": 0, "_wandb": {"runtime": 0}}