{"Accuracy": 1.0, "_timestamp": 1698670888.704185, "_runtime": 0.5907120704650879, "_step": 0, "_wandb": {"runtime": 0}}