{"Accuracy": 0.9833333333333333, "_timestamp": 1698672582.921937, "_runtime": 0.6460270881652832, "_step": 0, "_wandb": {"runtime": 0}}