{"Accuracy": 0.9850746268656716, "_timestamp": 1698674379.389645, "_runtime": 0.6908190250396729, "_step": 0, "_wandb": {"runtime": 0}}