{"Accuracy": 0.984375, "_timestamp": 1698674026.355969, "_runtime": 0.64444899559021, "_step": 0, "_wandb": {"runtime": 0}}