{"Accuracy": 1.0, "_timestamp": 1698675346.7817311, "_runtime": 0.6152231693267822, "_step": 0, "_wandb": {"runtime": 0}}