{"Accuracy": 0.975, "_timestamp": 1698671448.800694, "_runtime": 0.6240968704223633, "_step": 0, "_wandb": {"runtime": 0}}