{"Accuracy": 0.975609756097561, "_timestamp": 1698672248.123868, "_runtime": 0.6447610855102539, "_step": 0, "_wandb": {"runtime": 0}}