{"Accuracy": 1.0, "_timestamp": 1698671188.572125, "_runtime": 0.6403839588165283, "_step": 0, "_wandb": {"runtime": 0}}