{"Accuracy": 0.972972972972973, "_timestamp": 1698675236.267489, "_runtime": 0.7288119792938232, "_step": 0, "_wandb": {"runtime": 0}}