{"Accuracy": 0.9855072463768116, "_timestamp": 1698673777.2883992, "_runtime": 0.6999192237854004, "_step": 0, "_wandb": {"runtime": 0}}