{"Accuracy": 0.9857142857142858, "_timestamp": 1698672418.6566122, "_runtime": 0.6019692420959473, "_step": 0, "_wandb": {"runtime": 0}}