{"Accuracy": 0.9836065573770492, "_timestamp": 1698674638.845726, "_runtime": 0.6568140983581543, "_step": 0, "_wandb": {"runtime": 0}}