{"Accuracy": 0.9803921568627451, "_timestamp": 1698675014.308937, "_runtime": 0.6444981098175049, "_step": 0, "_wandb": {"runtime": 0}}