{"Accuracy": 0.6933333333333334, "_timestamp": 1698670618.428738, "_runtime": 0.6063430309295654, "_step": 0, "_wandb": {"runtime": 0}}