{"Accuracy": 0.9333333333333333, "_timestamp": 1698672812.5485198, "_runtime": 0.6411588191986084, "_step": 0, "_wandb": {"runtime": 0}}