{"Accuracy": 0.9848484848484849, "_timestamp": 1698674526.3424351, "_runtime": 0.7014942169189453, "_step": 0, "_wandb": {"runtime": 0}}