{"Accuracy": 0.9722222222222222, "_timestamp": 1698672876.432399, "_runtime": 0.620366096496582, "_step": 0, "_wandb": {"runtime": 0}}