{"Accuracy": 0.9861111111111112, "_timestamp": 1698674412.5225081, "_runtime": 0.7115771770477295, "_step": 0, "_wandb": {"runtime": 0}}