{"Accuracy": 1.0, "_timestamp": 1698675180.76451, "_runtime": 0.6610980033874512, "_step": 0, "_wandb": {"runtime": 0}}