{"Accuracy": 0.9743589743589743, "_timestamp": 1698672152.649716, "_runtime": 0.6310148239135742, "_step": 0, "_wandb": {"runtime": 0}}