{"Accuracy": 0.6538461538461539, "_timestamp": 1698675269.1396742, "_runtime": 0.640465259552002, "_step": 0, "_wandb": {"runtime": 0}}