{"Accuracy": 0.6956521739130435, "_timestamp": 1698672955.327703, "_runtime": 0.6907908916473389, "_step": 0, "_wandb": {"runtime": 0}}