{"Accuracy": 0.9855072463768116, "_timestamp": 1698674548.659499, "_runtime": 0.6573820114135742, "_step": 0, "_wandb": {"runtime": 0}}