{"Accuracy": 0.9830508474576272, "_timestamp": 1698674278.225667, "_runtime": 0.643549919128418, "_step": 0, "_wandb": {"runtime": 0}}