{"Accuracy": 0.9833333333333333, "_timestamp": 1698674157.371449, "_runtime": 0.7055120468139648, "_step": 0, "_wandb": {"runtime": 0}}