{"Accuracy": 1.0, "_timestamp": 1698674660.962589, "_runtime": 0.6363649368286133, "_step": 0, "_wandb": {"runtime": 0}}