{"Accuracy": 0.6933333333333334, "_timestamp": 1698670506.778285, "_runtime": 0.6372771263122559, "_step": 0, "_wandb": {"runtime": 0}}