{"Accuracy": 0.9833333333333333, "_timestamp": 1698673831.5406551, "_runtime": 0.5931870937347412, "_step": 0, "_wandb": {"runtime": 0}}