{"Accuracy": 0.9866666666666667, "_timestamp": 1698675169.9448462, "_runtime": 0.6432571411132812, "_step": 0, "_wandb": {"runtime": 0}}