{"Accuracy": 0.9848484848484849, "_timestamp": 1698672726.777421, "_runtime": 0.6267580986022949, "_step": 0, "_wandb": {"runtime": 0}}