{"Accuracy": 0.6944444444444444, "_timestamp": 1698673766.3765829, "_runtime": 0.6333608627319336, "_step": 0, "_wandb": {"runtime": 0}}