{"Accuracy": 0.9830508474576272, "_timestamp": 1698674762.258519, "_runtime": 0.7375438213348389, "_step": 0, "_wandb": {"runtime": 0}}