{"Accuracy": 0.9807692307692307, "_timestamp": 1698671411.143931, "_runtime": 0.5439159870147705, "_step": 0, "_wandb": {"runtime": 0}}