{"Accuracy": 0.9855072463768116, "_timestamp": 1698671024.836489, "_runtime": 0.6969239711761475, "_step": 0, "_wandb": {"runtime": 0}}