{"Accuracy": 1.0, "_timestamp": 1698672678.142219, "_runtime": 0.6926779747009277, "_step": 0, "_wandb": {"runtime": 0}}