{"Accuracy": 0.6933333333333334, "_timestamp": 1698670596.933739, "_runtime": 0.6989970207214355, "_step": 0, "_wandb": {"runtime": 0}}