{"Accuracy": 0.6933333333333334, "_timestamp": 1698670374.198839, "_runtime": 0.6265709400177002, "_step": 0, "_wandb": {"runtime": 0}}