{"Accuracy": 0.9777777777777777, "_timestamp": 1698671294.493588, "_runtime": 0.6263370513916016, "_step": 0, "_wandb": {"runtime": 0}}