{"Accuracy": 0.9857142857142858, "_timestamp": 1698672237.560247, "_runtime": 0.6999950408935547, "_step": 0, "_wandb": {"runtime": 0}}