{"Accuracy": 0.9841269841269841, "_timestamp": 1698674470.030751, "_runtime": 0.6390740871429443, "_step": 0, "_wandb": {"runtime": 0}}