{"Accuracy": 0.9824561403508771, "_timestamp": 1698674069.7934542, "_runtime": 0.5800182819366455, "_step": 0, "_wandb": {"runtime": 0}}