{"Accuracy": 0.9859154929577465, "_timestamp": 1698674970.445458, "_runtime": 0.6505639553070068, "_step": 0, "_wandb": {"runtime": 0}}