{"Accuracy": 0.6933333333333334, "_timestamp": 1698669756.590633, "_runtime": 0.6300899982452393, "_step": 0, "_wandb": {"runtime": 0}}