{"Accuracy": 0.9607843137254902, "_timestamp": 1698671480.395772, "_runtime": 0.631721019744873, "_step": 0, "_wandb": {"runtime": 0}}