{"Accuracy": 0.5882352941176471, "_timestamp": 1698675025.21406, "_runtime": 0.6288371086120605, "_step": 0, "_wandb": {"runtime": 0}}