{"Accuracy": 0.9722222222222222, "_timestamp": 1698671543.920886, "_runtime": 0.6122050285339355, "_step": 0, "_wandb": {"runtime": 0}}