{"Accuracy": 0.6911764705882353, "_timestamp": 1698675147.993527, "_runtime": 0.6513090133666992, "_step": 0, "_wandb": {"runtime": 0}}