{"Accuracy": 0.9736842105263158, "_timestamp": 1698670877.092316, "_runtime": 0.6238899230957031, "_step": 0, "_wandb": {"runtime": 0}}