{"Accuracy": 0.7111111111111111, "_timestamp": 1698673051.290015, "_runtime": 0.750295877456665, "_step": 0, "_wandb": {"runtime": 0}}