{"Accuracy": 0.9836065573770492, "_timestamp": 1698671533.397429, "_runtime": 0.6118440628051758, "_step": 0, "_wandb": {"runtime": 0}}