{"Accuracy": 0.9864864864864865, "_timestamp": 1698674695.0634198, "_runtime": 0.6372509002685547, "_step": 0, "_wandb": {"runtime": 0}}