{"Accuracy": 0.9859154929577465, "_timestamp": 1698674909.59469, "_runtime": 1.0070750713348389, "_step": 0, "_wandb": {"runtime": 0}}