{"Accuracy": 0.9852941176470589, "_timestamp": 1698675069.925745, "_runtime": 0.6439270973205566, "_step": 0, "_wandb": {"runtime": 0}}