{"Accuracy": 0.6756756756756757, "_timestamp": 1698672508.725524, "_runtime": 0.6817328929901123, "_step": 0, "_wandb": {"runtime": 0}}