{"Accuracy": 0.9855072463768116, "_timestamp": 1698674582.747241, "_runtime": 0.7131991386413574, "_step": 0, "_wandb": {"runtime": 0}}