{"Accuracy": 1.0, "_timestamp": 1698675369.185924, "_runtime": 0.6490161418914795, "_step": 0, "_wandb": {"runtime": 0}}