{"Accuracy": 0.6933333333333334, "_timestamp": 1698670288.374759, "_runtime": 0.6949620246887207, "_step": 0, "_wandb": {"runtime": 0}}