{"Accuracy": 0.9736842105263158, "_timestamp": 1698672614.647561, "_runtime": 0.6588380336761475, "_step": 0, "_wandb": {"runtime": 0}}