{"Accuracy": 1.0, "_timestamp": 1698671156.808501, "_runtime": 0.5464150905609131, "_step": 0, "_wandb": {"runtime": 0}}