{"Accuracy": 0.9795918367346939, "_timestamp": 1698671014.240501, "_runtime": 0.6742868423461914, "_step": 0, "_wandb": {"runtime": 0}}