{"Accuracy": 0.6933333333333334, "_timestamp": 1698670437.826656, "_runtime": 0.7169342041015625, "_step": 0, "_wandb": {"runtime": 0}}