{"Accuracy": 0.9841269841269841, "_timestamp": 1698673896.305345, "_runtime": 0.6435730457305908, "_step": 0, "_wandb": {"runtime": 0}}