{"Accuracy": 1.0, "_timestamp": 1698672759.549122, "_runtime": 0.7268271446228027, "_step": 0, "_wandb": {"runtime": 0}}