{"Accuracy": 1.0, "_timestamp": 1698674570.93046, "_runtime": 0.6412620544433594, "_step": 0, "_wandb": {"runtime": 0}}