{"Accuracy": 0.9315068493150684, "_timestamp": 1698671199.1257112, "_runtime": 0.6387972831726074, "_step": 0, "_wandb": {"runtime": 0}}