{"Accuracy": 0.5882352941176471, "_timestamp": 1698672966.160856, "_runtime": 0.6167011260986328, "_step": 0, "_wandb": {"runtime": 0}}