{"Accuracy": 0.9852941176470589, "_timestamp": 1698672407.260503, "_runtime": 0.6523330211639404, "_step": 0, "_wandb": {"runtime": 0}}