{"Accuracy": 0.9841269841269841, "_timestamp": 1698673863.727766, "_runtime": 0.6117451190948486, "_step": 0, "_wandb": {"runtime": 0}}