{"Accuracy": 0.703125, "_timestamp": 1698672476.800307, "_runtime": 0.6342220306396484, "_step": 0, "_wandb": {"runtime": 0}}