{"Accuracy": 1.0, "_timestamp": 1698675281.347093, "_runtime": 1.7964510917663574, "_step": 0, "_wandb": {"runtime": 0}}