{"Accuracy": 0.9866666666666667, "_timestamp": 1698675324.096947, "_runtime": 0.6393208503723145, "_step": 0, "_wandb": {"runtime": 0}}