{"Accuracy": 0.6933333333333334, "_timestamp": 1698670469.4457018, "_runtime": 0.6744968891143799, "_step": 0, "_wandb": {"runtime": 0}}