{"Accuracy": 1.0, "_timestamp": 1698672451.620893, "_runtime": 1.8533051013946533, "_step": 0, "_wandb": {"runtime": 0}}