{"Accuracy": 0.975609756097561, "_timestamp": 1698675158.924166, "_runtime": 0.631411075592041, "_step": 0, "_wandb": {"runtime": 0}}