{"Accuracy": 0.9726027397260274, "_timestamp": 1698674672.244051, "_runtime": 0.6393330097198486, "_step": 0, "_wandb": {"runtime": 0}}