{"Accuracy": 0.9821428571428571, "_timestamp": 1698673928.7221131, "_runtime": 0.6185920238494873, "_step": 0, "_wandb": {"runtime": 0}}