{"Accuracy": 0.9846153846153847, "_timestamp": 1698674059.073781, "_runtime": 0.5939431190490723, "_step": 0, "_wandb": {"runtime": 0}}