{"Accuracy": 0.6933333333333334, "_timestamp": 1698670538.979103, "_runtime": 0.6926350593566895, "_step": 0, "_wandb": {"runtime": 0}}