{"Accuracy": 0.9861111111111112, "_timestamp": 1698674717.6096919, "_runtime": 0.7507059574127197, "_step": 0, "_wandb": {"runtime": 0}}