{"Accuracy": 0.9827586206896551, "_timestamp": 1698671002.3030488, "_runtime": 0.6672537326812744, "_step": 0, "_wandb": {"runtime": 0}}