{"Accuracy": 0.9833333333333333, "_timestamp": 1698674390.641271, "_runtime": 0.6225972175598145, "_step": 0, "_wandb": {"runtime": 0}}