{"Accuracy": 0.9838709677419355, "_timestamp": 1698674300.19566, "_runtime": 0.7517402172088623, "_step": 0, "_wandb": {"runtime": 0}}