{"Accuracy": 0.6923076923076923, "_timestamp": 1698672540.459531, "_runtime": 0.6398730278015137, "_step": 0, "_wandb": {"runtime": 0}}