{"Accuracy": 0.8648648648648649, "_timestamp": 1698674842.234324, "_runtime": 0.7509908676147461, "_step": 0, "_wandb": {"runtime": 0}}