{"Accuracy": 0.9864864864864865, "_timestamp": 1698674876.229198, "_runtime": 1.0966789722442627, "_step": 0, "_wandb": {"runtime": 0}}