{"Accuracy": 0.9811320754716981, "_timestamp": 1698671469.714313, "_runtime": 0.6077060699462891, "_step": 0, "_wandb": {"runtime": 0}}