{"Accuracy": 0.9838709677419355, "_timestamp": 1698672216.3313742, "_runtime": 0.6295971870422363, "_step": 0, "_wandb": {"runtime": 0}}