{"Accuracy": 0.6933333333333334, "_timestamp": 1698670661.2643268, "_runtime": 0.8457627296447754, "_step": 0, "_wandb": {"runtime": 0}}