{"Accuracy": 0.9841269841269841, "_timestamp": 1698674324.193774, "_runtime": 0.7270660400390625, "_step": 0, "_wandb": {"runtime": 0}}