{"Accuracy": 0.9861111111111112, "_timestamp": 1698674289.152659, "_runtime": 0.6366899013519287, "_step": 0, "_wandb": {"runtime": 0}}