{"Accuracy": 1.0, "_timestamp": 1698670911.2386281, "_runtime": 0.6460721492767334, "_step": 0, "_wandb": {"runtime": 0}}