{"Accuracy": 0.9827586206896551, "_timestamp": 1698674245.038639, "_runtime": 0.7455711364746094, "_step": 0, "_wandb": {"runtime": 0}}