{"Accuracy": 0.9850746268656716, "_timestamp": 1698671600.310085, "_runtime": 0.674036979675293, "_step": 0, "_wandb": {"runtime": 0}}