{"Accuracy": 0.6933333333333334, "_timestamp": 1698670571.3787332, "_runtime": 1.5811290740966797, "_step": 0, "_wandb": {"runtime": 0}}