{"Accuracy": 0.9861111111111112, "_timestamp": 1698673755.804457, "_runtime": 0.7542288303375244, "_step": 0, "_wandb": {"runtime": 0}}