{"Accuracy": 0.6933333333333334, "_timestamp": 1698670352.0075688, "_runtime": 0.7199888229370117, "_step": 0, "_wandb": {"runtime": 0}}