{"Accuracy": 0.9818181818181818, "_timestamp": 1698671643.9036381, "_runtime": 0.733720064163208, "_step": 0, "_wandb": {"runtime": 0}}