{"Accuracy": 0.9315068493150684, "_timestamp": 1698673723.224331, "_runtime": 0.6451230049133301, "_step": 0, "_wandb": {"runtime": 0}}