{"Accuracy": 1.0, "_timestamp": 1698675380.2390988, "_runtime": 0.7924938201904297, "_step": 0, "_wandb": {"runtime": 0}}