{"Accuracy": 0.9743589743589743, "_timestamp": 1698672551.501528, "_runtime": 1.1583759784698486, "_step": 0, "_wandb": {"runtime": 0}}