{"Accuracy": 0.6086956521739131, "_timestamp": 1698672386.2903612, "_runtime": 1.0005192756652832, "_step": 0, "_wandb": {"runtime": 0}}