{"Accuracy": 0.9855072463768116, "_timestamp": 1698674887.000175, "_runtime": 0.6351840496063232, "_step": 0, "_wandb": {"runtime": 0}}