{"Accuracy": 0.9861111111111112, "_timestamp": 1698671438.051278, "_runtime": 1.030548095703125, "_step": 0, "_wandb": {"runtime": 0}}