{"Accuracy": 0.9857142857142858, "_timestamp": 1698673744.862974, "_runtime": 0.5943520069122314, "_step": 0, "_wandb": {"runtime": 0}}