{"Accuracy": 0.55, "_timestamp": 1698672301.003917, "_runtime": 0.7240588665008545, "_step": 0, "_wandb": {"runtime": 0}}