{"Accuracy": 0.6842105263157895, "_timestamp": 1698672902.496833, "_runtime": 0.6630480289459229, "_step": 0, "_wandb": {"runtime": 0}}