{"Accuracy": 0.9821428571428571, "_timestamp": 1698674015.345021, "_runtime": 0.6359469890594482, "_step": 0, "_wandb": {"runtime": 0}}