{"Accuracy": 1.0, "_timestamp": 1698662633.83893, "_runtime": 0.7999789714813232, "_step": 0, "_wandb": {"runtime": 0}}