{"Accuracy": 0.9852941176470589, "_timestamp": 1698674864.543108, "_runtime": 0.6445910930633545, "_step": 0, "_wandb": {"runtime": 0}}