{"Accuracy": 0.975, "_timestamp": 1698671326.2984169, "_runtime": 0.6435267925262451, "_step": 0, "_wandb": {"runtime": 0}}