{"Accuracy": 0.9855072463768116, "_timestamp": 1698674357.566664, "_runtime": 0.7120568752288818, "_step": 0, "_wandb": {"runtime": 0}}