{"Accuracy": 0.9666666666666667, "_timestamp": 1698671252.140376, "_runtime": 0.6587131023406982, "_step": 0, "_wandb": {"runtime": 0}}