{"Accuracy": 0.6933333333333334, "_timestamp": 1698670586.100217, "_runtime": 0.5795190334320068, "_step": 0, "_wandb": {"runtime": 0}}