{"Accuracy": 0.6857142857142857, "_timestamp": 1698672646.419729, "_runtime": 0.5916850566864014, "_step": 0, "_wandb": {"runtime": 0}}