{"Accuracy": 0.9811320754716981, "_timestamp": 1698673961.272963, "_runtime": 0.7027499675750732, "_step": 0, "_wandb": {"runtime": 0}}