{"Accuracy": 0.9772727272727273, "_timestamp": 1698675312.999188, "_runtime": 0.5939960479736328, "_step": 0, "_wandb": {"runtime": 0}}