{"Accuracy": 0.9824561403508771, "_timestamp": 1698671368.648349, "_runtime": 0.6558151245117188, "_step": 0, "_wandb": {"runtime": 0}}