{"Accuracy": 0.9857142857142858, "_timestamp": 1698671336.999976, "_runtime": 0.7496559619903564, "_step": 0, "_wandb": {"runtime": 0}}