{"Accuracy": 0.9315068493150684, "_timestamp": 1698672226.864584, "_runtime": 0.6301259994506836, "_step": 0, "_wandb": {"runtime": 0}}