{"Accuracy": 0.6933333333333334, "_timestamp": 1698670629.2841759, "_runtime": 0.6694788932800293, "_step": 0, "_wandb": {"runtime": 0}}