{"Accuracy": 1.0, "_timestamp": 1698671400.614621, "_runtime": 0.7178299427032471, "_step": 0, "_wandb": {"runtime": 0}}