{"Accuracy": 0.9818181818181818, "_timestamp": 1698672205.7059772, "_runtime": 0.627453088760376, "_step": 0, "_wandb": {"runtime": 0}}