{"Accuracy": 0.9824561403508771, "_timestamp": 1698674796.558284, "_runtime": 0.6508409976959229, "_step": 0, "_wandb": {"runtime": 0}}