{"Accuracy": 1.0, "_timestamp": 1698675214.0538812, "_runtime": 0.6394531726837158, "_step": 0, "_wandb": {"runtime": 0}}