{"Accuracy": 1.0, "_timestamp": 1698672833.635552, "_runtime": 0.6411008834838867, "_step": 0, "_wandb": {"runtime": 0}}