{"Accuracy": 0.6891891891891891, "_timestamp": 1698672498.158925, "_runtime": 0.6409931182861328, "_step": 0, "_wandb": {"runtime": 0}}