{"Accuracy": 0.975, "_timestamp": 1698671104.018677, "_runtime": 0.7221848964691162, "_step": 0, "_wandb": {"runtime": 0}}