{"Accuracy": 0.9787234042553191, "_timestamp": 1698672353.92124, "_runtime": 0.634350061416626, "_step": 0, "_wandb": {"runtime": 0}}