{"Accuracy": 1.0, "_timestamp": 1698671082.6668181, "_runtime": 0.6472022533416748, "_step": 0, "_wandb": {"runtime": 0}}