{"Accuracy": 0.6933333333333334, "_timestamp": 1698670276.005943, "_runtime": 0.5687770843505859, "_step": 0, "_wandb": {"runtime": 0}}