{"Accuracy": 1.0, "_timestamp": 1698673031.4236329, "_runtime": 2.32372784614563, "_step": 0, "_wandb": {"runtime": 0}}