{"Accuracy": 0.9861111111111112, "_timestamp": 1698674773.6486459, "_runtime": 0.657141923904419, "_step": 0, "_wandb": {"runtime": 0}}