{"Accuracy": 0.6933333333333334, "_timestamp": 1698670528.169612, "_runtime": 0.7467670440673828, "_step": 0, "_wandb": {"runtime": 0}}