{"Accuracy": 0.9848484848484849, "_timestamp": 1698674458.9498298, "_runtime": 0.6588807106018066, "_step": 0, "_wandb": {"runtime": 0}}