{"Accuracy": 0.6933333333333334, "_timestamp": 1698670427.244143, "_runtime": 0.6848800182342529, "_step": 0, "_wandb": {"runtime": 0}}