{"Accuracy": 0.9857142857142858, "_timestamp": 1698674785.082504, "_runtime": 0.7530670166015625, "_step": 0, "_wandb": {"runtime": 0}}