{"Accuracy": 0.9846153846153847, "_timestamp": 1698674335.09197, "_runtime": 0.6370420455932617, "_step": 0, "_wandb": {"runtime": 0}}