{"Accuracy": 0.9857142857142858, "_timestamp": 1698674492.332073, "_runtime": 0.691195011138916, "_step": 0, "_wandb": {"runtime": 0}}