{"Accuracy": 1.0, "_timestamp": 1698671522.917762, "_runtime": 0.6815469264984131, "_step": 0, "_wandb": {"runtime": 0}}