{"Accuracy": 0.6538461538461539, "_timestamp": 1698672258.6101918, "_runtime": 0.6178798675537109, "_step": 0, "_wandb": {"runtime": 0}}