{"Accuracy": 0.6933333333333334, "_timestamp": 1698668674.960275, "_runtime": 0.7809488773345947, "_step": 0, "_wandb": {"runtime": 0}}