{"Accuracy": 0.6933333333333334, "_timestamp": 1698670363.5441558, "_runtime": 0.5718038082122803, "_step": 0, "_wandb": {"runtime": 0}}