{"Accuracy": 0.6935483870967742, "_timestamp": 1698672332.5496771, "_runtime": 0.64829421043396, "_step": 0, "_wandb": {"runtime": 0}}