{"Accuracy": 0.9857142857142858, "_timestamp": 1698675137.05965, "_runtime": 0.6582188606262207, "_step": 0, "_wandb": {"runtime": 0}}