{"Accuracy": 0.696969696969697, "_timestamp": 1698672913.1003342, "_runtime": 0.6394450664520264, "_step": 0, "_wandb": {"runtime": 0}}