{"Accuracy": 0.9591836734693877, "_timestamp": 1698671125.112708, "_runtime": 0.6109089851379395, "_step": 0, "_wandb": {"runtime": 0}}