{"Accuracy": 0.9833333333333333, "_timestamp": 1698674446.566078, "_runtime": 0.7717258930206299, "_step": 0, "_wandb": {"runtime": 0}}