{"Accuracy": 1.0, "_timestamp": 1698671273.2934442, "_runtime": 0.6430952548980713, "_step": 0, "_wandb": {"runtime": 0}}