{"Accuracy": 0.9787234042553191, "_timestamp": 1698671146.266001, "_runtime": 0.5442540645599365, "_step": 0, "_wandb": {"runtime": 0}}