{"Accuracy": 0.9855072463768116, "_timestamp": 1698674898.201219, "_runtime": 0.6438031196594238, "_step": 0, "_wandb": {"runtime": 0}}