{"Accuracy": 1.0, "_timestamp": 1698671061.542541, "_runtime": 0.6251261234283447, "_step": 0, "_wandb": {"runtime": 0}}