{"Accuracy": 0.6933333333333334, "_timestamp": 1698670496.2443662, "_runtime": 0.61539626121521, "_step": 0, "_wandb": {"runtime": 0}}