{"Accuracy": 1.0, "_timestamp": 1698675258.3707771, "_runtime": 0.7096710205078125, "_step": 0, "_wandb": {"runtime": 0}}