{"Accuracy": 0.9852941176470589, "_timestamp": 1698674481.153395, "_runtime": 0.647636890411377, "_step": 0, "_wandb": {"runtime": 0}}