{"Accuracy": 0.9666666666666667, "_timestamp": 1698672625.2949529, "_runtime": 0.6904728412628174, "_step": 0, "_wandb": {"runtime": 0}}