{"Accuracy": 1.0, "_timestamp": 1698671220.4180858, "_runtime": 0.6908109188079834, "_step": 0, "_wandb": {"runtime": 0}}