{"Accuracy": 0.6933333333333334, "_timestamp": 1698670127.4322171, "_runtime": 0.7345521450042725, "_step": 0, "_wandb": {"runtime": 0}}