{"Accuracy": 1.0, "_timestamp": 1698671389.941816, "_runtime": 0.7283320426940918, "_step": 0, "_wandb": {"runtime": 0}}