{"Accuracy": 0.975609756097561, "_timestamp": 1698671512.068592, "_runtime": 0.6926071643829346, "_step": 0, "_wandb": {"runtime": 0}}