{"Accuracy": 0.9722222222222222, "_timestamp": 1698671114.519914, "_runtime": 0.6772029399871826, "_step": 0, "_wandb": {"runtime": 0}}