{"Accuracy": 1.0, "_timestamp": 1698674593.922515, "_runtime": 0.6658368110656738, "_step": 0, "_wandb": {"runtime": 0}}