{"Accuracy": 0.98, "_timestamp": 1698675036.310512, "_runtime": 0.649770975112915, "_step": 0, "_wandb": {"runtime": 0}}