{"Accuracy": 0.9811320754716981, "_timestamp": 1698672174.0092192, "_runtime": 0.6741712093353271, "_step": 0, "_wandb": {"runtime": 0}}