{"Accuracy": 0.6842105263157895, "_timestamp": 1698672572.5660439, "_runtime": 0.9305479526519775, "_step": 0, "_wandb": {"runtime": 0}}