{"Accuracy": 1.0, "_timestamp": 1698672923.6280682, "_runtime": 0.6407942771911621, "_step": 0, "_wandb": {"runtime": 0}}