{"Accuracy": 0.6933333333333334, "_timestamp": 1698670406.0656462, "_runtime": 0.6548712253570557, "_step": 0, "_wandb": {"runtime": 0}}