{"Accuracy": 0.6933333333333334, "_timestamp": 1698670341.361133, "_runtime": 0.6403610706329346, "_step": 0, "_wandb": {"runtime": 0}}