{"Accuracy": 1.0, "_timestamp": 1698674537.353493, "_runtime": 0.6300270557403564, "_step": 0, "_wandb": {"runtime": 0}}