{"Accuracy": 0.6666666666666666, "_timestamp": 1698672635.880568, "_runtime": 0.6260881423950195, "_step": 0, "_wandb": {"runtime": 0}}