{"Accuracy": 1.0, "_timestamp": 1698671490.896384, "_runtime": 0.6930720806121826, "_step": 0, "_wandb": {"runtime": 0}}