{"Accuracy": 0.9836065573770492, "_timestamp": 1698674091.650259, "_runtime": 0.6074340343475342, "_step": 0, "_wandb": {"runtime": 0}}