{"Accuracy": 0.98, "_timestamp": 1698674959.1544802, "_runtime": 0.6414783000946045, "_step": 0, "_wandb": {"runtime": 0}}