{"Accuracy": 0.9850746268656716, "_timestamp": 1698672375.277416, "_runtime": 0.6579420566558838, "_step": 0, "_wandb": {"runtime": 0}}