{"Accuracy": 0.9861111111111112, "_timestamp": 1698675047.754441, "_runtime": 0.752924919128418, "_step": 0, "_wandb": {"runtime": 0}}