{"Accuracy": 0.9859154929577465, "_timestamp": 1698674921.610068, "_runtime": 1.6993300914764404, "_step": 0, "_wandb": {"runtime": 0}}