{"Accuracy": 1.0, "_timestamp": 1698671459.233888, "_runtime": 0.6106150150299072, "_step": 0, "_wandb": {"runtime": 0}}