{"Accuracy": 0.6933333333333334, "_timestamp": 1698670299.0054169, "_runtime": 0.6032159328460693, "_step": 0, "_wandb": {"runtime": 0}}