{"Accuracy": 0.984375, "_timestamp": 1698674146.4520462, "_runtime": 0.6777372360229492, "_step": 0, "_wandb": {"runtime": 0}}