{"Accuracy": 1.0, "_timestamp": 1698671093.3198662, "_runtime": 0.6650142669677734, "_step": 0, "_wandb": {"runtime": 0}}