{"Accuracy": 1.0, "_timestamp": 1698672976.5814788, "_runtime": 0.6520938873291016, "_step": 0, "_wandb": {"runtime": 0}}