{"Accuracy": 1.0, "_timestamp": 1698675225.379124, "_runtime": 0.6684930324554443, "_step": 0, "_wandb": {"runtime": 0}}