{"Accuracy": 0.9864864864864865, "_timestamp": 1698675058.6653519, "_runtime": 0.6392669677734375, "_step": 0, "_wandb": {"runtime": 0}}