{"Accuracy": 0.9830508474576272, "_timestamp": 1698673885.4198022, "_runtime": 0.6462361812591553, "_step": 0, "_wandb": {"runtime": 0}}