{"Accuracy": 0.9833333333333333, "_timestamp": 1698674267.2172291, "_runtime": 0.6491332054138184, "_step": 0, "_wandb": {"runtime": 0}}