{"Accuracy": 0.6933333333333334, "_timestamp": 1698670395.4465868, "_runtime": 0.6220817565917969, "_step": 0, "_wandb": {"runtime": 0}}