{"Accuracy": 1.0, "_timestamp": 1698675191.8327749, "_runtime": 0.6507358551025391, "_step": 0, "_wandb": {"runtime": 0}}