{"Accuracy": 0.9848484848484849, "_timestamp": 1698674937.060082, "_runtime": 0.6680660247802734, "_step": 0, "_wandb": {"runtime": 0}}