{"Accuracy": 0.6923076923076923, "_timestamp": 1698672801.9753962, "_runtime": 0.6500990390777588, "_step": 0, "_wandb": {"runtime": 0}}