{"Accuracy": 0.6933333333333334, "_timestamp": 1698669922.8140092, "_runtime": 0.8301641941070557, "_step": 0, "_wandb": {"runtime": 0}}