{"Accuracy": 0.9811320754716981, "_timestamp": 1698673983.2806458, "_runtime": 0.7543609142303467, "_step": 0, "_wandb": {"runtime": 0}}