{"Accuracy": 0.9850746268656716, "_timestamp": 1698672487.5827699, "_runtime": 0.7144119739532471, "_step": 0, "_wandb": {"runtime": 0}}