{"Accuracy": 0.6933333333333334, "_timestamp": 1698670650.3407402, "_runtime": 0.6530802249908447, "_step": 0, "_wandb": {"runtime": 0}}