{"Accuracy": 0.9850746268656716, "_timestamp": 1698674751.052261, "_runtime": 0.612084150314331, "_step": 0, "_wandb": {"runtime": 0}}