{"Accuracy": 1.0, "_timestamp": 1698672854.778378, "_runtime": 0.6469480991363525, "_step": 0, "_wandb": {"runtime": 0}}