{"Accuracy": 0.9855072463768116, "_timestamp": 1698674200.9194, "_runtime": 0.6343729496002197, "_step": 0, "_wandb": {"runtime": 0}}