{"Accuracy": 0.9821428571428571, "_timestamp": 1698674223.1278121, "_runtime": 0.7084851264953613, "_step": 0, "_wandb": {"runtime": 0}}