{"Accuracy": 0.9315068493150684, "_timestamp": 1698673809.678765, "_runtime": 0.6449739933013916, "_step": 0, "_wandb": {"runtime": 0}}