{"Accuracy": 0.6933333333333334, "_timestamp": 1698669478.427297, "_runtime": 0.6250340938568115, "_step": 0, "_wandb": {"runtime": 0}}