{"Accuracy": 1.0, "_timestamp": 1698672519.3800042, "_runtime": 0.7698912620544434, "_step": 0, "_wandb": {"runtime": 0}}