{"Accuracy": 0.9852941176470589, "_timestamp": 1698674981.731045, "_runtime": 0.6141390800476074, "_step": 0, "_wandb": {"runtime": 0}}