{"Accuracy": 0.9855072463768116, "_timestamp": 1698675116.364615, "_runtime": 2.1096620559692383, "_step": 0, "_wandb": {"runtime": 0}}