{"Accuracy": 0.703125, "_timestamp": 1698672529.748194, "_runtime": 0.599207878112793, "_step": 0, "_wandb": {"runtime": 0}}