{"Accuracy": 0.6727272727272727, "_timestamp": 1698672944.7965472, "_runtime": 0.7313692569732666, "_step": 0, "_wandb": {"runtime": 0}}