{"Accuracy": 0.9795918367346939, "_timestamp": 1698674037.22089, "_runtime": 0.763530969619751, "_step": 0, "_wandb": {"runtime": 0}}