{"Accuracy": 0.6933333333333334, "_timestamp": 1698670549.359732, "_runtime": 0.6097209453582764, "_step": 0, "_wandb": {"runtime": 0}}