{"Accuracy": 0.9857142857142858, "_timestamp": 1698671622.604661, "_runtime": 0.5945339202880859, "_step": 0, "_wandb": {"runtime": 0}}