{"Accuracy": 1.0, "_timestamp": 1698672439.866345, "_runtime": 0.6519219875335693, "_step": 0, "_wandb": {"runtime": 0}}