{"Accuracy": 1.0, "_timestamp": 1698663418.46556, "_runtime": 0.6536200046539307, "_step": 0, "_wandb": {"runtime": 0}}