{"Accuracy": 0.5882352941176471, "_timestamp": 1698671612.226579, "_runtime": 0.7201879024505615, "_step": 0, "_wandb": {"runtime": 0}}