{"Accuracy": 1.0, "_timestamp": 1698675335.440408, "_runtime": 0.633051872253418, "_step": 0, "_wandb": {"runtime": 0}}