{"Accuracy": 1.0, "_timestamp": 1698671167.445914, "_runtime": 0.6486399173736572, "_step": 0, "_wandb": {"runtime": 0}}