{"Accuracy": 0.5882352941176471, "_timestamp": 1698672892.0551748, "_runtime": 0.767805814743042, "_step": 0, "_wandb": {"runtime": 0}}