{"Accuracy": 0.9848484848484849, "_timestamp": 1698674179.154429, "_runtime": 0.6393530368804932, "_step": 0, "_wandb": {"runtime": 0}}