{"Accuracy": 0.6976744186046512, "_timestamp": 1698672780.94858, "_runtime": 0.797274112701416, "_step": 0, "_wandb": {"runtime": 0}}