{"Accuracy": 0.9726027397260274, "_timestamp": 1698675092.2049532, "_runtime": 0.7060012817382812, "_step": 0, "_wandb": {"runtime": 0}}