{"Accuracy": 0.9827586206896551, "_timestamp": 1698671177.980887, "_runtime": 0.6019918918609619, "_step": 0, "_wandb": {"runtime": 0}}