{"Accuracy": 0.9852941176470589, "_timestamp": 1698674830.749181, "_runtime": 0.7016141414642334, "_step": 0, "_wandb": {"runtime": 0}}