{"Accuracy": 0.9726027397260274, "_timestamp": 1698674706.408894, "_runtime": 0.6697640419006348, "_step": 0, "_wandb": {"runtime": 0}}