{"Accuracy": 0.9841269841269841, "_timestamp": 1698671283.927377, "_runtime": 0.6658570766448975, "_step": 0, "_wandb": {"runtime": 0}}