{"Accuracy": 1.0, "_timestamp": 1698671072.1814048, "_runtime": 0.7157227993011475, "_step": 0, "_wandb": {"runtime": 0}}