{"Accuracy": 0.6933333333333334, "_timestamp": 1698670517.46844, "_runtime": 0.7041959762573242, "_step": 0, "_wandb": {"runtime": 0}}