{"Accuracy": 0.9791666666666666, "_timestamp": 1698672322.09339, "_runtime": 0.7695410251617432, "_step": 0, "_wandb": {"runtime": 0}}