{"Accuracy": 0.9830508474576272, "_timestamp": 1698672163.315188, "_runtime": 0.6559059619903564, "_step": 0, "_wandb": {"runtime": 0}}