{"Accuracy": 1.0, "_timestamp": 1698662555.453442, "_runtime": 0.6583042144775391, "_step": 0, "_wandb": {"runtime": 0}}