{"Accuracy": 0.9726027397260274, "_timestamp": 1698672604.257806, "_runtime": 0.7604451179504395, "_step": 0, "_wandb": {"runtime": 0}}