{"Accuracy": 0.6933333333333334, "_timestamp": 1698670416.6627772, "_runtime": 0.6433231830596924, "_step": 0, "_wandb": {"runtime": 0}}