{"Accuracy": 0.9726027397260274, "_timestamp": 1698674515.1682932, "_runtime": 0.6433391571044922, "_step": 0, "_wandb": {"runtime": 0}}