{"Accuracy": 0.9852941176470589, "_timestamp": 1698674233.9070878, "_runtime": 0.6630287170410156, "_step": 0, "_wandb": {"runtime": 0}}