{"Accuracy": 0.9855072463768116, "_timestamp": 1698673701.6572568, "_runtime": 0.5721757411956787, "_step": 0, "_wandb": {"runtime": 0}}