{"Accuracy": 0.9861111111111112, "_timestamp": 1698672290.357152, "_runtime": 0.6732769012451172, "_step": 0, "_wandb": {"runtime": 0}}