{"Accuracy": 0.6857142857142857, "_timestamp": 1698672667.583305, "_runtime": 0.7063617706298828, "_step": 0, "_wandb": {"runtime": 0}}