{"Accuracy": 1.0, "_timestamp": 1698672997.746217, "_runtime": 0.6228470802307129, "_step": 0, "_wandb": {"runtime": 0}}