{"Accuracy": 0.6984126984126984, "_timestamp": 1698675291.0086179, "_runtime": 0.6383068561553955, "_step": 0, "_wandb": {"runtime": 0}}