{"Accuracy": 0.9861111111111112, "_timestamp": 1698672561.823947, "_runtime": 0.766787052154541, "_step": 0, "_wandb": {"runtime": 0}}