{"Accuracy": 0.9855072463768116, "_timestamp": 1698673691.533272, "_runtime": 1.298051118850708, "_step": 0, "_wandb": {"runtime": 0}}