{"Accuracy": 0.9824561403508771, "_timestamp": 1698674124.235548, "_runtime": 0.64286208152771, "_step": 0, "_wandb": {"runtime": 0}}