{"Accuracy": 1.0, "_timestamp": 1698671135.7014441, "_runtime": 0.6053552627563477, "_step": 0, "_wandb": {"runtime": 0}}