{"Accuracy": 1.0, "_timestamp": 1698671379.3135848, "_runtime": 0.6549696922302246, "_step": 0, "_wandb": {"runtime": 0}}