{"Accuracy": 0.6933333333333334, "_timestamp": 1698670607.42084, "_runtime": 0.594689130783081, "_step": 0, "_wandb": {"runtime": 0}}