{"Accuracy": 0.6933333333333334, "_timestamp": 1698670320.255054, "_runtime": 0.691680908203125, "_step": 0, "_wandb": {"runtime": 0}}