{"Accuracy": 0.9852941176470589, "_timestamp": 1698674168.235738, "_runtime": 0.742063045501709, "_step": 0, "_wandb": {"runtime": 0}}