{"Accuracy": 0.9855072463768116, "_timestamp": 1698674080.688193, "_runtime": 0.6155340671539307, "_step": 0, "_wandb": {"runtime": 0}}