{"Accuracy": 0.5714285714285714, "_timestamp": 1698672343.344206, "_runtime": 0.6202549934387207, "_step": 0, "_wandb": {"runtime": 0}}