{"Accuracy": 0.9795918367346939, "_timestamp": 1698671262.680365, "_runtime": 0.7318661212921143, "_step": 0, "_wandb": {"runtime": 0}}