{"Accuracy": 1.0, "_timestamp": 1698674992.632111, "_runtime": 0.7549030780792236, "_step": 0, "_wandb": {"runtime": 0}}