{"Accuracy": 1.0, "_timestamp": 1698667187.242579, "_runtime": 0.7312769889831543, "_step": 0, "_wandb": {"runtime": 0}}