{"Accuracy": 0.9833333333333333, "_timestamp": 1698673917.915843, "_runtime": 0.6141259670257568, "_step": 0, "_wandb": {"runtime": 0}}