{"Accuracy": 1.0, "_timestamp": 1698672364.639762, "_runtime": 0.6554169654846191, "_step": 0, "_wandb": {"runtime": 0}}