{"Accuracy": 0.6933333333333334, "_timestamp": 1698669432.8723462, "_runtime": 0.6173162460327148, "_step": 0, "_wandb": {"runtime": 0}}