{"Accuracy": 0.9861111111111112, "_timestamp": 1698674559.9128928, "_runtime": 0.6717357635498047, "_step": 0, "_wandb": {"runtime": 0}}