{"Accuracy": 0.6933333333333334, "_timestamp": 1698667337.2581692, "_runtime": 0.6122441291809082, "_step": 0, "_wandb": {"runtime": 0}}