{"Accuracy": 0.9830508474576272, "_timestamp": 1698674004.775597, "_runtime": 0.7309310436248779, "_step": 0, "_wandb": {"runtime": 0}}