{"Accuracy": 0.9833333333333333, "_timestamp": 1698673950.540357, "_runtime": 0.6172142028808594, "_step": 0, "_wandb": {"runtime": 0}}