{"Accuracy": 0.5714285714285714, "_timestamp": 1698672934.151458, "_runtime": 0.6325509548187256, "_step": 0, "_wandb": {"runtime": 0}}